,ctrl_0,PBS_24,PBS_48,BMP2_24,BMP2_48,IFNG_24,IFNG_48,TGFB_24,TGFB_48,HGF_24,HGF_48,OSM_24,OSM_48,EGF_24,EGF_48
P10_I3_M1,0.05821966798986675,-1.134237705475659,-0.9227517456721444,0.3625099445116604,-0.0871202225018805,1.7422426269070954,-0.3394880521099331,0.8481791764909202,1.3294283830584113,-0.2948232840361331,-0.9491611460957513,-0.25151496411213126,-1.3175978861544833,0.7521063413562223,0.20400886584393788
P10_I3_M2,-0.36236162812417105,1.3316157889068225,0.6907929388605525,-1.1524310131931663,-1.394371427426978,-0.7423585911630904,1.4343216995462253,-0.9551351749102981,-0.4520594347703359,0.11979224976903771,0.8800032220301759,-0.004100245312055194,1.0383126893371357,-0.3466212986944258,-0.08539977485542916
P10_I3_M3,-0.5679579538147463,1.558559121308459,1.4167614999002685,0.7809900585119899,1.0216052574538041,-0.8245106964294647,0.6046566665799659,-0.3254441203704503,-0.26552783099079175,0.008387743057858584,0.4136863846666331,-1.3347904769491297,-0.7657467709774413,-0.842749895681674,-0.8779189862652845
P10_I3_M4,0.17316900145139386,-0.11399255358665768,-0.9376058464545035,-0.04044936855312831,-0.37675923819350493,-0.9906708718179587,-0.6569310581791329,-0.8697926680159898,-0.3146490592840664,0.5281331650800504,-0.5240883617542534,2.1812820666724213,1.5443479962228184,0.24404260218799348,0.15396419422451735
P10_I3_M5,-0.3007327930692757,1.4307398323576852,1.4748159545777062,-0.569656997204732,-0.617787024618842,-0.9934933099984734,-0.7323459215028534,1.6696105470567968,-0.552138037341839,0.09875528211602844,0.3588296792288109,0.11804870616892178,-0.7917905235964702,0.07146118568904825,-0.6643165798625161
P10_I3_M6,-0.5742370167743984,0.8711015571623008,1.6838163365563246,-0.7353168825763976,0.17310594345917985,-1.1147841599169315,0.6392512510474634,-1.0474165815577476,-0.12061497359829362,-0.8193360574812617,0.8092440432606195,-0.5374838395412845,1.372466671089208,-0.5680673992711691,-0.03172889185761227
P10_I3_M7,0.30818921310027814,-0.5645787681433904,-0.8103013463848854,0.2659782482032387,0.9004226170677968,-0.7903447655192427,-2.031765115078753,0.37404136274204397,1.4417346879583426,0.35735678842633795,0.3635362138152987,0.029431945563923603,-1.130760866898307,0.5237132238980312,0.7633465612492858
P10_I3_M8,-0.4980666146714238,-0.7053078824554804,-0.5946080003210309,-0.580514317371768,-0.12058375599153937,-0.6591587822980847,2.076049260418949,-0.6002366802859364,-0.5642370384536953,-0.34180355262769135,-0.25451032724721273,1.1352750784941184,1.5989262797005548,0.1909707210352501,-0.08219438792501547
P11_I4_M1,-0.18861874492938374,0.16458374458864097,-0.0679724062723681,-0.19839784759743495,3.1950528590458642,-0.379894758696078,-0.5478540988856516,-0.25789171405595807,0.06064562661817455,-0.2794102951256604,-0.02034176745625195,-0.49965581396754083,-0.5348590260234907,-0.22082407175530072,-0.22456168548755953
P11_I4_M10,-0.005841180013378283,0.5758998095711948,2.1810225567001864,1.342478125705377,0.0072518315391134035,-0.7849070997089481,-0.8728716587303242,-0.4850051961500426,-0.9112458213776088,-0.04915101198740866,0.612111024123532,-0.6008934357823877,-0.8967297815353078,0.1938714435960476,-0.3059896059500442
P11_I4_M2,-0.21997633884127146,-0.5535916385136489,-0.6985590916150988,0.38661782961535346,0.1358287860025292,0.870661398847484,-0.3281999555875035,-0.7980796944216244,-0.9535824357898894,-0.4772974902735642,-0.658683811481645,1.4966339928994543,2.176000468927152,0.19644998014369275,-0.5742219999114142
P11_I4_M3,-0.48991802480768454,1.5377348596676161,1.1797095130352968,-0.437628814932016,-0.2453395885721647,-1.083706245571829,-0.47112001048601526,-0.5008501995815248,2.091779871783723,-0.49569522817097755,0.3186634977787187,-0.5114353550599943,-0.11021421660935389,-0.5317152906164915,-0.25026476785730273
P11_I4_M4,0.30224001023721114,-0.9983464045656674,-0.8065645937353844,-0.2583108208357915,0.25703369651109226,-0.23961127467969512,-0.5532435263895225,-0.6689361868853896,-0.3818156576641504,0.18923644398010434,-0.8516702141326244,2.0662544256837854,-0.4531400227808888,1.489300948153635,0.9075731771032869
P11_I4_M5,-0.06245838718968367,-0.9498298534154955,-0.7870205142150933,-0.7924324756359581,-0.5813486603920001,-0.5848550864998812,-0.5090553352806753,-0.13688604451306763,1.5804980398236304,-0.06300118209943233,-0.6680621068674909,1.6112945663664504,1.5074196702242604,3.554633936026962e-05,0.4357018233550752
P11_I4_M6,-0.48224840261417656,0.8950696916406973,1.6624385074441308,-0.8564035154969095,-0.7790679892878377,-0.9693054287045797,1.1809332756974646,-0.923203666042413,-0.8071117387767116,0.09388998144781181,1.53434963996799,0.12375533521480096,-0.02952980363359109,-0.45038501171628903,-0.19318087514038412
P11_I4_M7,-0.16236440458143592,0.20289911865024435,1.7680147080194686,-0.5716342434575499,-0.20010095308329495,-0.7456578129183282,-0.6363513915348613,-0.6063792897239149,-0.6806236421601806,-0.5064807355503212,-0.7379619584153021,1.4714989784177555,1.6588346680432808,0.07708986077668753,-0.3307829024822463
P11_I4_M8,0.13935990472707957,2.5533984776447696,0.7502941816389626,0.9300723153081247,-0.2274019261530611,-0.8981938067390332,-0.8712113832505199,-0.26354054393114784,-0.3244834842840737,0.0796719416240553,-0.0134198623601667,-0.37348138565971184,-0.728245809421664,-0.08108232006347511,-0.6717362990801373
P11_I4_M9,-0.498089437029812,0.9932503023953222,1.2010778810055804,-0.4516503627479259,0.18199014273691025,-0.7230090032852908,1.4998826882677079,-0.8896452510956067,-1.0917724371821882,-0.5969020229266719,-0.4679156460140936,1.0311134904577939,1.0641486934433728,-0.45894890337480665,-0.7935301346502935
P12_I3_M1,-0.055346349169317695,0.43063839498721973,1.5598377176738862,-1.1081306302554133,-0.5387448662731243,-0.514830061303368,-0.45833647510978204,-1.0240704502994058,-0.6521704513102847,0.03091310882607919,0.7627809158276958,-0.5618876277845551,-0.4983869001574258,0.863227431703952,1.7645062426438427
P12_I3_M2,-0.4671057788139991,-0.27520621271724804,0.2273516932030793,0.4345459771905546,1.0402311075804962,-0.024808458644915096,2.744332155611747,-0.4562618953067306,-0.5281580758327133,-0.5674694355493561,-0.5593136166999432,-0.34746777264074663,-0.6220791178054336,-0.21095728084877471,-0.38763328872601144
P12_I3_M3,-0.4577765467438239,1.6139134151990457,-0.5094159895110923,-0.6661247226385633,-0.3988728532336936,0.21178913607463723,2.5327752176980134,-0.5152459462537994,0.20443018641153052,-0.1675712772257814,-0.27287977163151994,-0.40791654662893895,-0.2108275506671787,-0.40648970566452913,-0.5497870451843061
P12_I3_M4,0.439510644519182,-1.2699312765272763,-1.74763964856527,-0.5025243879661621,-0.14497634467198794,0.0852044983088224,0.7290572370931099,-1.1785425526190545,0.3445547489538169,0.5328877955222968,0.008366336732709735,0.9810971216835693,-0.48688537275622523,1.1195359000439042,1.0902853002485648
P13_I4_M1,-0.11965156749692243,-0.9718278415878958,-1.0853728317781204,-0.8683879518312012,-0.9263242612097916,0.9434988391432422,0.04625641255306607,-0.17691266001840528,-0.3723475331688785,-0.5082563691829328,-0.4459242860461267,1.6211537944141559,1.6160773255728837,0.6427645825582393,0.6052543480786869
P13_I4_M2,0.66519572723632,0.7686232183745902,0.34716468406098144,0.3445235137499142,0.8128372393434621,-0.7015743611591108,0.8190344674614245,-1.127708031004427,-1.4373735801818206,0.6034805206905293,0.9805259360922242,-1.1902746883617372,-1.3043379594167697,0.20751871238915096,0.2123646007252681
P13_I4_M3,0.35047123207262343,0.4358424759848286,-0.25407428448592795,-0.968044024406286,-0.5687720227856338,-0.1542148191540834,1.2461739747316318,-1.1868995557858277,-0.967304358065555,0.7204179872872739,0.9547006021583923,-0.8188673776549604,-0.7799069290982952,0.4304082744562396,1.5600688247455856
P13_I4_M4,-0.1496718318959168,-0.24135876891315863,1.554538026644933,-0.10891830639821115,-0.248719166369815,-0.606914738789399,1.2597970189777892,-1.5120157165193078,-1.5326544472056778,0.4773092690909098,0.13552686583934379,0.921096317927658,-0.49639801714567416,0.5309252456652963,0.017458249091227326
P13_I4_M5,0.04782403642306105,-1.0084151849223024,-1.0856629803453506,1.1698555868858302,0.2733172936044353,1.05634877695078,0.7074983181919194,1.638866598381108,-0.6051768765503034,-0.6757838204968123,-1.1394148656601066,0.5963890141906687,-0.4326606659504738,0.31473269333948467,-0.8577179240419321
P13_I4_M6,-0.4188200326955785,2.4797339836908825,-0.6589291670242245,-0.6079466672729222,-0.022378901368391095,-0.7822049526316869,-0.6979053189371288,-0.45473305748201254,0.5349194183022901,-0.23569375295796502,-0.1812518121500711,0.18470532900968847,1.3659198849055092,-0.0881614024340274,-0.41725355095436356
P13_I4_M7,-0.15560903529425096,1.3105130253017478,-0.045779237726808905,-0.5873357051199213,-0.10447887937754863,-1.118028770953809,0.37059478180666017,0.6541384890951574,1.4735823454791623,0.37642567534670635,1.0619678631857161,-1.5945662646079413,-0.3910776054264946,-1.006189321561879,-0.2441573601464948
P13_I4_M8,0.6821380914247277,-0.47779948384655885,-1.248539016024288,0.08454219728900073,0.8636591967657189,-0.36588425431793414,-0.9792986233374494,-1.6014009721027431,-0.9492516860920622,0.7458156567027071,0.681678094605546,0.18758697925189213,0.5275467555283483,0.3747496803266009,1.4744573838264854
P14_I3_M1,0.04077536737545196,-0.3789981990059683,-0.4530695413416242,-0.4291300032438373,-0.5007010909436285,-0.37917946011086556,1.650503791509379,2.6069525540731076,-0.23185309639334473,-0.34962868630574145,-0.35524654406732126,-0.11568158717566022,-0.45562024963492526,-0.2900790230047648,-0.35904423173025773
P14_I3_M2,-0.44210095481412176,0.8600957510823122,2.20315949465455,-0.8931048335607398,-0.7278524607919096,-0.6685122620690364,1.584648873448674,-0.777044066171209,0.4228102147268503,-0.17248503071940627,-0.07507163096739816,-0.5837638671945333,-0.05895606502878978,-0.5512016065402,-0.12062155605504357
P14_I3_M3,0.40286720627319367,-1.1609640497813245,0.04792438308729668,0.42474406214087457,-0.12761848284608335,1.234343515189647,-1.977529738023281,-0.5354329341893104,-1.0820735386524323,-0.1840097450415786,-0.20828618386010406,0.9888117466319232,0.7371031521985377,0.8079673509736073,0.6321532558990246
P14_I3_M4,-0.5224349561145845,-0.6037204035638928,-0.49924752836443326,-0.522491205340974,-0.09660089124773899,2.2466310082612684,0.46207707650783714,-0.5535895311480228,-0.22015184461224696,-0.4612412188595467,-0.47387541779459746,1.8947748651165013,-0.19071685948639655,0.06936214861017133,-0.528775241963342
P15_I3_M1,-0.18027389821262632,0.26644121418933936,-0.27991336598654626,-1.0210331987842463,-1.0608056755540465,0.05675525123626384,1.0257284736493208,-1.06680539685718,-0.8385610192569771,0.18326426820228697,0.43115517765323086,0.4906252373376918,2.3260855042428648,-0.5165372686203262,0.18387469676095575
P15_I3_M2,0.04913051110712458,0.032361648041178755,-0.9304564390996104,-0.5983249229745266,-0.5108620645272438,-1.3002115100674558,-1.346163181167489,1.6990645510532032,1.2723360702440913,0.20034322323482937,-0.05243354396334607,0.679810010167817,1.1969290297531783,-0.14424380255023456,-0.24727957925151556
P15_I3_M3,-0.11613705258989836,1.0964773964633252,0.9471362273990561,-0.21307890019315212,-0.0035762643855382823,-0.38298938319695,1.4810830440026814,-1.6281806277752322,-1.252573741158381,0.2684148467160255,0.9923311279825988,-0.9005659395189656,0.7609854328051767,-0.721533864452739,-0.32779230209801025
P15_I3_M4,-0.026179103858974165,0.5050463842711057,1.3194502017336862,0.24410683005894188,-0.03912133154107936,-0.3188876481637403,-2.9387661767213262,0.5981763843309044,-0.022361003504252314,0.007328852374991628,0.32105490912025364,0.21799419670527642,0.21206537510939452,0.12250972859121777,-0.2024175985063973
P16_I3_M1,-0.051256816154545665,0.8205524040173493,0.15320843253634878,1.2008410457698977,1.490616271922488,-1.3002543459401221,-1.5270121777057937,-0.8945428995972244,-0.8949814157093013,0.21791979381903245,0.38300614490286017,0.1246423617901283,0.7337282049569758,-0.2047730513845676,-0.251693953223537
P16_I3_M2,-1.2117060341676462,0.177749399314678,0.4311763622103289,-0.17459946665946546,-0.22422106869836197,1.3711538585194736,1.3139886644330534,0.8781748569758913,0.450227938096442,-0.9222041529571333,-0.618511435123873,0.10124589429878149,0.9539777618002548,-1.228532762938164,-1.2979198151042666
P16_I3_M3,-0.42017278981772543,-0.6609581853846109,-0.40905468614681534,-0.7642678030133803,0.5276836207389021,-0.9505334651059065,2.1322100092928964,-0.7210996972360671,1.189614348692918,-0.010788747005371205,-0.44154975443283523,1.3005267328624415,-0.5288028326091484,0.05632343034287886,-0.2991301811781756
P16_I3_M4,-0.29541945729804653,1.5366925225060324,1.0625805864308306,-0.7682769953397885,-0.6843643030726497,-1.3132173941795708,-0.5950098727853345,-1.0639797115738532,0.7741564684714345,0.5875530126832561,0.33029011328093766,1.2481031684781527,-0.01734461555393257,-0.2059976108610919,-0.5957659111863761
P17_I2_M1,-0.14106853515071424,0.9985535682148521,0.10317414135798944,-1.1601759265603846,-0.7157949869958846,-0.9637584141851137,0.06584294050617694,-0.7499384512522657,-0.3480259260213464,0.6818466603229505,1.7523762422959266,-0.6532621524417833,1.5143457205235302,-0.5664317026945213,0.18231682208059366
P18_I3_M1,-0.663598586077712,1.2612840303003778,1.3666459762726944,-0.47411907312471424,-0.6560399194697125,0.8533269188995376,-0.1352540728577553,-0.6031748986884046,-0.589277556929214,-0.41881427749268874,-0.1717394288393395,0.27716663895698457,1.7920034649887013,-0.8900503830568952,-0.9483588328818543
P18_I3_M2,-0.15919373767817543,-0.9381332246221937,-1.0891340223621615,-0.4410141412791613,-0.6348356178536906,-0.21054767863408963,2.4124316327148954,-0.3086613237391207,0.42318292345644537,-0.04471309512308935,-0.560868667071923,0.25962711662110327,-0.4586004932378611,0.6771923096801097,1.0732680191289112
P19_I2_M1,-0.47691813107316483,1.8198106012651007,1.143959817957821,-0.7431347880253979,-0.3420479124058468,-1.0171494063477002,-0.4506351231542527,-0.9885336155658381,-0.5883442121710332,0.16434977703971482,-0.24368668142973432,-0.567807662930695,1.4988843141828536,0.6848753170512616,0.10637770560691262
P1_I19_M1,-0.26507806753982405,1.8455055148669794,2.053542078630015,-0.5834107725696481,-0.4363113528628064,-1.0099777645321633,0.30567974366428324,-0.9548269832811176,-0.6621414926559239,0.23374884765700718,0.9078641257039409,-0.6725827668868875,0.2346577693489515,-0.661690067533734,-0.33497881200907353
P1_I19_M2,0.4797741978313765,-1.9274952464119632,-2.099316239368917,0.5738638462571446,0.4088776353830319,1.1401385818325966,-0.46367691462240646,0.1508732776951235,0.15900656552676218,0.1168101293878031,-0.5986272373438357,0.7784172333724209,-0.4690493904516494,1.0338712644092105,0.7165322965033014
P1_I19_M3,-0.05245078301831652,-0.8951629124789064,-1.0075898453109873,0.40513185204254026,0.23684045242447327,0.04986099176716344,-0.8173610106718863,2.4332316687376725,1.7146405662543434,-0.4316284986527503,-0.7393361432913695,0.006983262346936009,-0.5157504695677992,0.05496365353636579,-0.44237278411747766
P1_I19_M4,-0.4237433734196565,-0.33220760123645393,-0.37813087720857286,-0.48537383996714767,-0.44949595338694,2.1376979276462347,2.642727131518802,-0.34136434510419367,-0.32022598187760987,-0.4136441683774731,-0.3792417101606276,-0.24805300107706993,-0.18376515541639582,-0.4238427040898483,-0.4013363478430477
P1_I19_M5,-0.26939004222215235,0.2879139252199938,0.25562159271370916,-0.49749376340262114,-0.4696345518809923,-0.045940218423273844,3.2766529923075867,-0.5495415032760202,-0.47150863511639246,-0.246698636953452,-0.008456659561944252,-0.4154438796995152,-0.025587221991234817,-0.42827705259899396,-0.3922163451146971
P1_I19_M6,-0.3977646793591537,-0.3270380245863226,-0.37161068301743083,-0.4031645173303657,-0.378046369382179,-0.2879030884801768,-0.21272727793925647,-0.3176436366613633,-0.24482856927240315,-0.42749427144435903,-0.4127126888328909,1.7872551233007594,2.789185686643115,-0.3549299942074543,-0.4405770094305192
P1_I19_M7,0.5664000263545216,-1.0628708981088628,-0.8540220797142164,0.7217117063265966,0.5700530329147899,0.2267826325803856,-2.686586845731126,0.15754551250031099,-0.0979611603774639,0.27443057260465953,0.0014242098635090482,0.636732746909218,-0.17903782794021791,0.8750731280430276,0.8503252437748684
P1_I19_M8,-0.20640019487643987,-0.11907971892383301,-0.25363195060846716,2.2988665825727184,2.247864468204753,-0.5847967068632035,-0.6959612648758025,-0.36870400782834717,-0.3704222736593346,-0.2781263328200637,-0.3116801215565037,-0.3933444129181266,-0.5212005043528768,-0.08163267832941706,-0.36175088316505577
P1_I19_M9,0.2888819803467595,0.8479512294554856,0.7805838958328603,0.1513852522825559,0.3945958469131511,-1.800546800204819,-2.3959067884028546,-0.05533823900140266,0.14190432258193095,0.5241388151201032,0.8316331867711202,-0.26839017635306406,0.25065309177221945,0.013282561369199931,0.295171821516755
P2_I13_M1,-0.4645394135520096,1.3682223511388583,1.3652760790473348,-0.7542049636831193,-0.6387590794477277,-0.41584346786783155,2.075738864270505,-1.0166254529144676,-0.7287888014493801,-0.05822897747882352,0.466929202373721,-0.5696333116571468,0.5005040453306715,-0.7070457717996081,-0.4230013023109762
P2_I13_M10,0.02810338582868688,1.8579572105184812,1.7232010517509337,0.30417461788994676,0.33417817794743676,-0.9960578786638158,-0.5705549331997979,-0.873110277522124,-0.7972512838065795,0.4591816785086489,1.0345413112129567,-0.9809761698239854,-0.8027184493409385,-0.3612461577445435,-0.35942228355530575
P2_I13_M11,-0.6330863008626658,1.500805369750528,1.4491565869345995,-0.37588171666882825,-0.26928623721780665,-1.1776085637428815,0.6255944103016332,0.7671728340383306,0.7725417240409356,-0.23972598421321625,0.3725280848415772,-0.9403055882262233,0.5235966005444522,-1.2550878987390377,-1.120413320781393
P2_I13_M12,-0.24147918933036328,1.47101088226463,1.6800893447773109,-0.19506837023016554,0.014678814680593393,-1.6851507362776843,-1.235587912034154,0.5041989633974403,0.6097811718811651,0.1566524797152511,0.8155452087611342,-0.7694775119460467,0.16049019184144694,-0.7297258063274222,-0.5559575311731376
P2_I13_M13,-0.23754362780650806,0.9622723451365397,3.0967999780206785,-0.3116729201193729,-0.2208164935127472,-0.5465426791895444,-0.20494301839157616,-0.5757499272636952,-0.43239109751036786,-0.16315880871257366,0.2046656381740177,-0.4420786104009636,-0.4670427870881148,-0.24831610734412565,-0.4134818839916455
P2_I13_M14,0.48750577937147305,-1.4397703647880065,-1.1073485767051252,0.2067232328164306,0.1298094278566509,1.1820538033727823,-0.12785696568411456,-1.4411225273808919,-1.4202760644006645,0.2653367363920101,-0.05538358314901706,0.8335787912260986,0.24376195852811564,1.0217914643756836,1.2211968881685777
P2_I13_M15,-0.1742634814898899,-0.4387622291405249,-0.4576030251253405,-0.23402444753605253,-0.26963209588396136,0.15054794463811508,3.378613352394588,-0.31056037163013167,-0.06299538332156458,-0.3678136715666331,-0.4102915589106552,-0.07259935626459516,-0.49811073539489986,-0.027640206841574425,-0.20486473392687887
P2_I13_M16,0.032750667710421025,-0.14044201499541611,-0.3109394524325366,0.7538358638766288,0.8339423641773736,-0.9436388921802943,-1.6202173278515632,1.9195583045315747,1.6077055195055887,-0.14769308876921597,-0.2409664647000519,-0.5165350563940914,-0.7813687022380789,-0.008804403222331399,-0.4371873170180044
P2_I13_M17,-0.343312405891458,-0.2864711952688045,-0.40262671047646587,-0.34116467504440445,-0.20722023361256556,-0.4635557167971176,-0.38674987817378387,1.0082228264680102,3.124041405864511,-0.2864497509218601,-0.3999802756413848,-0.1278504443206287,-0.3432115612928551,-0.15368403717786047,-0.3899873477133319
P2_I13_M18,-0.2680753236609652,-0.44838374027096756,-0.3736010178152656,-0.19598945307738433,-0.2724646597024017,-0.15888066104743165,-0.4132183200526222,3.2656717689777035,0.6431485835041382,-0.42845330576072665,-0.48236256647029446,0.01211540485915767,-0.3339866952569034,-0.05257469043093583,-0.4929453237950992
P2_I13_M2,0.41129563480489334,-1.4425796786923302,-1.3457665638191998,0.889242126633389,0.7104609541358898,0.5325655760548244,-1.7660951752355691,1.179709300704817,0.7442357142797662,-0.06915804972395054,-0.5206843052596579,0.34374373901764554,-0.825700412392815,0.7720811973332877,0.3866499421590058
P2_I13_M3,-0.35057468183396157,1.039305681354342,1.4448235780390417,-0.5071672438233551,-0.31826532647803063,-0.7999599892558743,-0.6276701847865728,-1.2050253048923185,-1.264549281243486,0.21177130364460056,1.0337598248857927,0.2538211508439827,1.8020141597317907,-0.5377783419751268,-0.17450534421082087
P2_I13_M4,-0.15790318053434949,-1.3178794525246451,-1.3775505909225276,0.3768936532737603,0.11391503673586582,1.3083388701597616,1.0238470355638942,1.7222963948024614,0.959769941569535,-0.6615697370331902,-0.955384152115432,-0.0008825538812941454,-0.6405195652527854,0.05418501256413454,-0.44755671240519285
P2_I13_M5,0.6372062066656197,-1.4270005647514485,-0.8225586153153905,0.5437271182329184,0.44749225698789696,0.7991404225954604,-1.6940135417357876,-0.9993678662908047,-0.9141482636408298,0.3646614487832286,0.1308586422269627,0.7480950333379701,-0.18122413922193195,1.176828172802924,1.1903036893232095
P2_I13_M6,-0.3779500927889229,0.6572918658677558,0.6862713026626248,0.013585286314508067,0.0869798864282637,-1.0356029223234637,-0.6078097560032021,2.018276852540231,1.7782763213030062,-0.2642095943905525,0.013323768866626182,-0.8834862234207078,-0.49758783014969415,-0.7132509439650775,-0.8741079209413983
P2_I13_M7,0.07452952211336042,-1.504163592463715,-1.4838214853035474,0.1187271524616028,-0.1394475291150087,1.9896877229628651,1.4171363222549043,-0.15738116258583845,-0.4689646121537803,-0.25163559529974217,-0.768228090660501,0.6122148342208475,-0.27895883571930585,0.549108013682454,0.2911973356054092
P2_I13_M8,0.26687375537015706,1.039109504068981,1.375189704279706,-0.4258589904800247,-0.15892527416893068,-0.9219645505017623,-0.7848946109530457,-1.7411901483181915,-1.3014744151762376,0.7081182555405382,1.2088715817110718,-0.3531343454149632,0.24644569007227032,0.06416890148119664,0.7786649424892342
P2_I13_M9,-0.2269787744379169,-1.0827362649456265,-1.2747528034284337,0.018691478447920996,-0.14228457501618963,0.19618627562173926,-0.6864263609376582,1.7526501349180093,1.203462915717795,-0.6185443891751005,-0.9155379869569141,1.326612712098172,1.1000925571218267,-0.0812104742515643,-0.5692244447760565
P3_I19_M1,0.06637082034716282,0.7127054184866669,0.9633391821791955,-0.6033142655561351,-0.5388358689220129,0.051064873907925426,1.077725165882808,-2.1621954168647393,-1.6392291845781637,0.3596926560869296,0.7801631541012014,-0.1435589560545542,0.3565105947873728,0.09423104625697622,0.6253307799393687
P3_I19_M10,-0.21060666778105938,3.0238131026044712,1.0209885347433694,-0.400616422360673,-0.13636025396915558,-0.6394216357196305,-0.3017722894183824,-0.59486568329299,-0.4661523811029109,0.17508253255728265,0.1993261887126478,-0.50829032042799,-0.4038183557637033,-0.31992853349741585,-0.4373778152838589
P3_I19_M11,-0.5418282535439928,0.0889652301837312,0.1110935083345628,-0.7942824257985376,-0.6888690895304138,1.048453615821179,2.427845116184603,-0.9555466672033394,-0.8805145271603306,-0.37768063181626144,-0.053078613224180525,0.22215875138085128,1.1608881467248715,-0.5404102727612901,-0.22719388759145245
P3_I19_M12,-0.6984911209462372,0.46547272157328395,0.42253089050411474,-0.5556718851673659,-0.5274134030400134,0.8801836963735332,2.6118769342182886,0.43015248900335207,0.223422403168401,-0.5820342945498078,-0.11208754354949037,-0.7451582803290093,0.20269368372396038,-1.0020834617766645,-1.013392829206343
P3_I19_M13,-0.7789925410556097,1.266160533015382,1.5255340533285158,-0.6389010483895985,-0.5759829836231358,-0.49343649600861217,1.5297257149202452,0.05240112937300751,0.16281245519533735,-0.40171890964096807,0.1959766538040651,-0.5427486221988529,1.0015304379549357,-1.1944364772119331,-1.1079238994627778
P3_I19_M14,0.21356658902861128,1.752354580552476,1.2020044351118195,-0.6390964900685712,-0.4573266510769647,-1.1437241647468344,-0.581525234395208,-0.8731930795808516,-0.5768200873394264,0.817565992319938,1.6410008743438005,-0.775002080806102,-0.404424559294092,-0.3295498658412244,0.15416974179262835
P3_I19_M15,-0.26414473835581426,-0.5156472176888598,-0.5536975411669982,-0.30845158966993286,-0.36387646865814705,3.2017000063123002,0.7002581584970773,-0.176923299324791,-0.1917028026482069,-0.3629107657504673,-0.49452640781389373,0.012245384627485414,-0.37040963169356855,-0.1286644405877715,-0.18324864607841368
P3_I19_M16,-0.14954122262053335,1.17690989637629,1.2901083005192169,0.6634825850418601,0.7394874016036687,-1.1718998115141566,-0.9312945416166777,1.1233037898027418,0.6554837869600557,0.05006254436227571,0.27413041039485364,-1.2458136307640824,-1.2435657003653349,-0.46614609441282845,-0.7647077137673515
P3_I19_M17,0.7571555532803591,-1.3535369476252792,-1.2724823738022137,0.43216073675635597,0.3425261552771413,0.4098709684401361,-1.43911710319762,-0.3073798730203736,-0.11351193583065237,0.5156030442791988,-0.06857046712460242,0.43962141322283604,-1.0812505617107222,1.404070485404296,1.3348409056511417
P3_I19_M18,-0.37575788756557865,-0.8317627424778137,-1.0136293006959964,-0.4794170976397312,-0.6216468279172537,1.4638945382929347,1.2410691370541953,-0.42861622016754164,-0.5144407619881246,-0.47288568510520107,-0.5919425471670677,1.408093724956054,1.6900518079313296,-0.2601584171158603,-0.21285172039434164
P3_I19_M19,-0.3203845469519497,-1.1894768117996815,-1.4836439893939828,-0.18480929168481988,-0.4287810462535443,0.9304583349295776,1.2238593303402665,1.3022068741728436,0.6958836769270743,-0.7144035882102876,-0.9620292602781182,0.7865410645305986,1.0044234712950026,-0.14994665861110404,-0.5098975590118776
P3_I19_M2,0.5288577714000129,-0.27930999823597513,0.30935013978198284,0.07217405340668023,0.246987654114088,-0.024375310357156434,-1.4762505514193796,-1.8896783500789873,-1.5550691422732026,0.5678215631607825,0.7200815888755341,0.3653553075111564,0.3819216639553986,0.7194023408626333,1.3127312692964268
P3_I19_M20,-0.35290500118137386,1.0070317135237496,2.5583937026125247,-0.4642931476831482,-0.5205365574257265,-0.3730014346488549,1.3239134686974794,-0.7786309681683685,-0.6451753621935735,-0.2006254081167292,0.17842624841385887,-0.4376502153777145,-0.5023048079301068,-0.3159244495463381,-0.4767177809756771
P3_I19_M21,0.21451149933904215,-0.33668215059608425,-0.2491968838517252,0.5524564038074244,0.3030051127535319,-0.7934128847510193,-2.6571372470175043,1.570187364409676,0.9855150641855446,0.018906167853108793,-0.16008973094985984,0.2581071972934354,-0.1622487253181767,0.3583185997389885,0.09776021310362086
P3_I19_M22,-0.02272378416347829,-0.7875400741561597,-0.9255947501740418,-0.31475584137657875,0.06022279449884043,-0.6815752992863952,-0.7629933621150248,1.777388455083899,2.198254894296683,-0.1399761882645517,-0.5477887719573988,0.20766057470657853,-0.6443851162289078,0.47336326938022366,0.11044319975631481
P3_I19_M23,-0.4501115023914119,0.8252529110437854,0.9225082972987884,-0.2899865440007436,-0.24731427721131627,-1.487337960831585,-1.3786769286629175,1.3074492012586032,1.2350052010271413,-0.18106284692604613,0.10102647934650014,0.049325531720054334,1.1318077348928928,-0.7348063452785855,-0.8030789512851616
P3_I19_M24,0.2910994458382315,-1.7353511654819853,-1.923064673762418,0.027691770789248296,0.022848639293783776,1.1031279291587008,0.3427020653066335,-0.6626343040343184,-0.512063182357568,0.05630885203480177,-0.5690085985020163,1.1312710512925492,0.6504223374487863,0.867854615621135,0.9087952173544342
P3_I19_M25,-0.40970001202218537,-0.013777430391651574,-0.027392917628347727,-0.31875822177625485,-0.3412141868988844,-0.5991500569801859,-0.7827221015003012,2.333318463937091,1.811175899210116,-0.5535369745238312,-0.4282244719327836,0.22293488568813666,0.5805340706881864,-0.5876901792214846,-0.8857967666476156
P3_I19_M26,-0.40059323541976133,1.623603934836182,1.7266471202084261,-0.27428378311518087,-0.1322257149972629,-1.0322934618392874,0.8030110521092165,0.22429230045866036,0.5725356023700531,-0.0038787445788038637,0.61892456945863,-1.4604641839176287,-0.7685936835874244,-0.8024615026203824,-0.6942202693654314
P3_I19_M27,0.3028480777545391,-1.5404262617335633,-1.851763895911382,0.33338094620854775,0.27445205402880674,0.3615264831287575,-1.595661234224208,1.0779141147157674,0.755587003211103,-0.01544689308242086,-0.5101726548590989,0.9154812518919965,0.40242522567900324,0.6306430896100987,0.45921269358205863
P3_I19_M28,-0.5383855975971419,0.7122051871574028,0.8352653482178859,-0.5734399035545578,-0.5621550071366553,1.4095366750878755,2.5010766709250576,-0.8212315949521872,-0.7819172157440362,-0.2922673678371195,0.05082017127494379,-0.5800018116961507,-0.2335429473961647,-0.6160454226563881,-0.5099171840927634
P3_I19_M29,-0.24933038999906415,-1.0946644421108922,-1.291317792782812,-0.0024363736465847848,-0.16046146766682867,1.2951431244434666,2.448273872277833,0.663771403982623,0.34030320309378664,-0.47921241456685926,-0.7473621286378024,-0.051365052528772596,-0.44879767004406734,0.029220812256736173,-0.25176468407076186
P3_I19_M3,0.04216199174857839,1.4790802922484467,1.2745243106624524,-0.5650337054340182,-0.4190526315522146,-0.7044672734982383,1.34135806806745,-1.193514441124853,-0.8156199993364408,0.4503575463579863,1.1359185432326913,-1.1511401587945995,-0.6596783843054865,-0.40942814868445804,0.19453399041270303
P3_I19_M30,-0.05677743582350295,-0.7215515407850563,-0.8475479849092555,-0.010094958977067291,-0.34187443172789683,0.19788377392285272,-0.6930811902752351,-0.004214102862440782,-0.23017994793517207,-0.4740479910204801,-0.5708837347582028,2.8695736900799313,0.9323944338338764,0.2745549191081557,-0.3241534978705048
P3_I19_M31,0.21775681605850206,-1.3250183771486617,-0.8143910242389424,0.40989548906739043,-0.10951533747285833,2.1758377285784665,-0.6450682290210769,-0.5597733337291687,-0.932513340640325,-0.18596438322004802,-0.4974483130353631,1.165886469468093,-0.2152942394770559,0.9170466177609806,0.39856345705007357
P3_I19_M32,0.2985704737306465,-1.6534556701133678,-1.5332111501872872,0.740912793750849,0.4352516074360636,1.2371320675245037,0.8012601808180702,0.8476416553791072,0.31161890629608086,-0.3204415264777824,-0.7088324277785852,-0.061159241158764366,-1.531960907350102,0.7518483124502533,0.3848249256803183
P3_I19_M33,-0.4323434375397311,1.3721944565799054,1.64477234947597,1.281434491128461,1.4487564862734204,-0.6475183620115945,-0.4014860889051875,-0.7994927463762359,-0.720833222584022,-0.1720225241931759,-0.030384305633647232,-0.8133316211959785,-0.6993366089238566,-0.39990945376365894,-0.630499412330668
P3_I19_M34,-0.222848081007098,1.9216189622088065,2.221441536981968,-0.35854902209674905,-0.44153799745179234,-0.769738399207164,-0.740459098603688,0.6020112916429384,-0.12140959749075128,0.016851095606948096,0.24784982422186339,-0.5274027914825984,-0.7416857224518436,-0.39336178363784424,-0.6927802172329955
P3_I19_M4,0.14823827318895627,-1.6621135992887806,-1.7724746502831814,0.6385986689595752,0.3394117497043174,0.9987472180700817,-0.4688678565071409,1.6438309514234646,0.7983183170861098,-0.4416724974736142,-0.9152524228856804,0.6526987557060661,-0.3042886228904886,0.460365767407896,-0.1155400522175807
P3_I19_M5,0.08478971370806652,-1.0987966643775355,-1.0789142499519255,0.8135712064183522,0.5915149780619877,0.5924365652710996,0.13177726525886949,1.908766133330431,1.2926483352720612,-0.4452570479991519,-0.7458404092644388,-0.5847727036644716,-1.4666201390886067,0.30287632729296604,-0.29817931026770855
P3_I19_M6,-0.5614805113969188,-0.0563627691022554,-0.04405914837577864,0.02979051788934576,-0.08309691807476421,0.42624100861020675,1.562588224379625,1.8618440325537127,1.4187226841994565,-0.7125055225511137,-0.5549920212764344,-0.8420740070914475,-0.7334933555610689,-0.7255594675376397,-0.9855627466649238
P3_I19_M7,0.08430567197344593,1.2483250308452798,1.8909010908027268,-0.21738861644102841,-0.03553133533886897,-1.4313341952364298,-1.6035810925862615,-0.8529092985979455,-0.3585917710771039,0.4185041846867574,0.9406318641063419,-0.2924141569789089,0.2550268961411224,-0.24365002977056047,0.19770575747142868
P3_I19_M8,-0.508452599130025,0.8886609833268942,1.106378573857216,-0.7172350138893723,-0.6676545060049652,-0.5902228615017725,1.0028258265230416,-0.840130007920555,-0.7080071868102352,-0.2638184988111425,0.12733275171960265,0.2840421422118559,2.2869863370336927,-0.7958881240761304,-0.6048178165281048
P3_I19_M9,-0.35289365463502603,1.8244376904323607,1.3168983421546694,-0.7204802040942008,-0.5431447405151499,-1.3670242379593125,-0.029591505084706045,-0.45942387881287616,-0.04936525345987066,0.10564656364090726,0.7877703381661683,-0.42875631122320906,1.4031142519406903,-0.9457870939567852,-0.5414003065936579
P4_I11_M1,0.08568067705207298,-0.41964247147954503,-0.5102084579368137,-0.590842162302842,-0.475778519689763,1.1018983533489808,2.5511880997702434,-1.1144284921718308,-1.0700300054750411,-0.05286495765882142,0.0799636847837927,-0.170970306464895,-0.37895580782405897,0.28397176515697276,0.6810186008915481
P4_I11_M10,0.023930346227301853,0.37883040665622403,1.1980625862818284,-0.7735663550689535,-0.4864048030478763,-0.4763284548724277,-0.4144353584888598,-2.0568090011151985,-1.2848635745538854,0.39204226157899097,0.8070362105806359,0.36732785947534674,1.2444875529480828,0.23505530921993456,0.8456350141788548
P4_I11_M11,0.15826127401701778,-0.4830807401978851,0.05228601261946695,-0.11419156371479162,-0.2973404856833591,1.334164429490839,0.24796053511295316,-2.0605973646597286,-1.7974174964300955,0.23312053904072572,0.17399155483224343,0.5517498350066917,0.37506704931503115,0.6826312179002827,0.94339520335061
P4_I11_M12,-0.5798525089148907,0.6744370927614163,0.9249749138563576,-0.5432207092680836,-0.5157856876898629,-0.9183579806621088,-0.8402441518436949,-0.044693957598320275,0.1270736616472235,-0.33821502721673297,0.124438322172823,0.9345004541571253,2.4551677221277775,-0.757134013916232,-0.7030881296127965
P4_I11_M13,0.10272584705187679,1.88993263528925,1.1573890147775108,-0.5036825477121142,-0.1634385573983304,-1.6274118936026751,-0.4635474145502329,-0.26362457585516275,0.5888019824641273,0.5636558717602301,1.108757191868289,-1.126713827656095,-0.12515201803167467,-0.783759375311194,-0.35393233309380534
P4_I11_M14,-0.427536840997752,0.6343067898294092,0.02841571015990435,-0.4735306423889509,0.054646614158488926,-0.7209094250833681,-0.3839470257878364,-0.22666130592460876,3.0208129792614304,-0.4497853272810148,-0.11777097412938635,-0.4389949977103437,-0.13194314603662,-0.05366752719095748,-0.3134348808783946
P4_I11_M15,0.5317469500224472,-1.6489092707843047,-1.4150194216091294,0.3799325297030424,0.23458907137402005,1.359819058072172,0.6686464945859427,-0.7843030860274003,-0.7243465222580937,0.26714439981319926,-0.28366961078740693,0.3308754390592166,-1.0432968411947054,1.1047729921219887,1.0220178179090116
P4_I11_M16,-0.3619600422209312,0.8270175572592993,0.9819255624875918,-0.6767255123960374,-0.7795879200059098,0.4318289911040485,0.9721475596331242,-1.6150307661702008,-1.502773722898971,-0.03162685656836164,0.5012839240393319,0.49010398771811503,1.5562567943301067,-0.5579266849260649,-0.2349328713851372
P4_I11_M17,-0.15949802418606943,1.1006205589668403,1.1957825586207147,-0.907703211570149,-0.5096506757518335,-1.2431881681723378,1.0842259742173805,-1.5092381798716257,-0.9012129099418196,0.3142119242652565,0.9571216900437801,-0.4404901015188397,1.1252812813927577,-0.47959002098992737,0.3733273044958772
P4_I11_M18,0.3807992594890563,0.20047351160746496,0.5597425078080325,0.24704945393181055,0.2353893112087544,-0.3896846813540613,-2.8769521781520138,-0.7882821002455205,-0.6404240028014916,0.450636624418764,0.49882349613528,0.4657654562234261,0.6186019982140454,0.40527867330897877,0.6327826702074713
P4_I11_M19,0.4674824247884938,0.7993009205619898,0.31562795741488703,-0.16723968320622143,0.057557993238829444,-1.6420575621016484,-1.6701907028796519,1.0197594492066078,1.2054859547315941,0.598214058629743,0.7737417669560367,-1.0461539813461749,-0.8538410995521932,-0.10176271488008685,0.24407521843779836
P4_I11_M2,-0.5673792756558135,1.4662833271836426,2.2566758599569687,-0.06911301180368153,0.0017655574813856406,-0.7266809612138933,-0.29101525643255666,-0.6841499730432493,-0.6633003044661174,-0.3079380070274135,0.15669075062298168,-0.32756546949398746,1.2000407856596915,-0.6660067816532739,-0.7783072401146853
P4_I11_M20,0.8312495466226857,-0.5382124319653984,-0.4840850574806339,-0.5417030047774575,-0.3910087063655527,-0.16642255887568483,-0.08231614621214961,-1.2163100982399493,-0.9650030799609856,0.7436285637868665,0.6207828495937007,-0.35115929014224817,-0.6540785432610485,1.1155418481965027,2.0790961090813522
P4_I11_M21,0.5163198529050621,-1.5217829707385213,-1.6115194406843707,-0.18418454012071273,-0.21636371686342387,0.7365537159738585,-0.6918170558122649,-0.10531817540285897,0.4563922890617638,0.22593360209310673,-0.5729378338034503,0.6021722565836708,-0.4963876074845033,1.4649136306146042,1.3980259936780377
P4_I11_M22,-0.5434201725507652,0.1939965298064815,0.1700373436397782,0.006685396807129919,-0.03552705220420015,1.5230946169722868,2.275536314312265,0.4977062723687007,0.10302924331081482,-0.4449992668017628,-0.2224573069239292,-1.1848507322653477,-1.0752305326345089,-0.5556850565285193,-0.7079155973084222
P4_I11_M23,-0.4078326588453838,0.7064669778307467,0.5808983952348897,-0.9265575420961453,-0.5158719248235389,-1.4962159161532291,0.07023881044153814,1.7217817001225495,1.7128815599766531,-0.15256530375850613,0.2895771159913832,-0.7646240162805438,0.38919300421886516,-0.767149630335067,-0.4402205715242103
P4_I11_M24,-0.27385075182649077,0.5241756138541196,1.1238778216242347,0.5928111928071798,0.5850238948500115,-0.86200042921071,-1.9662271761935208,1.4944260741155804,1.0351977339398126,-0.32576789971713194,-0.14720740784900718,-0.3838361824052088,-0.10290763095498348,-0.38446872518122793,-0.9092461278526548
P4_I11_M25,0.3950274796719177,-1.551191750517772,-1.3062867126936037,0.5395455548880848,0.3915264820348779,0.9914744102051806,-2.0782921114919652,0.1153974125621648,-0.06180499951446134,0.05130056374119252,-0.42942978978325425,1.0615064353489874,0.24814095522964655,0.9040501702629697,0.7290359000560303
P4_I11_M26,-0.00577526642250443,-0.7529731741581054,-1.080700837757662,0.5248954281406085,0.48573719622937794,-0.4082344911472691,-1.6733996319733278,1.967447807446431,1.4727409639333269,-0.23275569439733318,-0.6228566349477139,0.33309896982333603,0.365703171001313,0.05912027185031563,-0.4320480776207882
P4_I11_M27,0.5719693779271612,0.37638046957050414,0.7902477014121674,0.26084307989937405,0.4927989973437066,-0.8769302465930985,-1.6555644922575297,-1.218838574254464,-0.7823400791061368,0.7321717900938152,0.8865538322089613,-0.4621854084315149,-1.0289501882177035,0.6426175155871557,1.2712262248176014
P4_I11_M28,0.3202643935361231,1.114379108068968,1.0289264360517603,-0.4676822646568359,-0.04875839904698744,-0.8528013435963417,0.13423873379005952,-1.7582786005519324,-1.2146982989411674,0.852756164750832,1.1255394760462303,-0.8603848576375143,-0.513505457739102,0.13489869170103577,1.0051062182248682
P4_I11_M29,-0.24965949901700862,0.8263181147025661,0.6457104137234205,-0.7540363150771459,-0.5966920022792613,0.8944842043010158,2.121570080260047,-1.6295592233375666,-1.1333913824869823,0.16704920380511062,0.5932019364188961,-0.6317386521937925,-0.04914468713183332,-0.4018449820844961,0.1977327903970293
P4_I11_M3,0.20778445894802625,-1.7291317007669704,-2.5081080292882274,0.2437603666816043,0.26362704424661615,0.8233330442487637,0.3651757119669323,0.681708015517085,0.6162197751686155,-0.07123109118251629,-0.6690693530336402,0.5971922719489441,0.18986707562043081,0.4982652252700593,0.49060718465427605
P4_I11_M30,0.5481947543947844,-1.5807465479081335,-1.226379440103425,0.9336327379146314,0.5091896673834796,1.40983453373805,-0.7743074222423559,0.4212527959073596,-0.34932181693022896,0.008043603444867159,-0.5837936572553172,0.39863756551992624,-1.3792688273644642,1.1504908230206397,0.5145412304801887
P4_I11_M31,0.12297636138152732,0.7493891398197846,0.4342637954464654,1.7076593326744178,1.7255738190915177,-1.0055402167954715,-0.7887550980144225,0.12892385492745384,-0.0848892169613263,0.17518403277372047,-0.033318112615056204,-1.171686704634881,-1.3272249881463618,-0.0288057134373504,-0.6037502855100143
P4_I11_M32,-0.10921941761491685,0.29940616566490397,-0.4807797152705687,-0.5486657861556291,-0.291020165512917,-0.6107296341388473,-0.4738963059001796,-0.5240286334511903,2.252845532873178,-0.23211153167182327,-0.5458685734377121,1.9901834247250012,-0.4010356774967125,-0.11120158367437841,-0.21387809893820714
P4_I11_M33,-0.08486287183792504,0.42713266451958737,0.24564648397995043,0.31704734328873635,0.46330633080519223,-0.6881763987291396,-0.31031829574288367,1.6000024059866471,1.4130394474179133,0.011011228406634072,0.1903814084414993,-1.4827068086749446,-1.8811544750921392,-0.17831314346565588,-0.042035319303465796
P4_I11_M34,-0.06890761474170715,2.235609222812763,0.2717583766076826,-0.5974267970657473,-0.598210761345978,-0.7800958348699252,1.7524718658982332,-0.7347942113429017,-0.6046044604021388,0.08292780038323767,0.7104213236963793,-0.4585590418909912,-0.43894122441811617,-0.33448171625061907,-0.43716692707017213
P4_I11_M35,-0.4408977543382818,0.9669354805897781,2.7418916254283863,-0.23715562615841398,-0.07047747018604694,-0.8179335812531561,-0.4530423202273697,-0.24035260897273775,0.6662616356545755,-0.20183510147457198,0.38784780279237696,-0.6297863823676133,-0.6924349528648266,-0.4039177471788666,-0.5751029994432353
P4_I11_M36,0.16410278443245283,-0.8407039931728665,-1.0225816349156538,-0.3296714479089523,-0.26941647666772867,0.2996765127296793,-0.8592496701764782,-0.6955757152560429,-0.8763180263480019,0.02216074667742771,-0.08257343830352212,1.4732218236316876,2.1694059498160505,0.22659742877881617,0.6209251566831318
P4_I11_M37,-0.35312248378437916,-0.09081336560456861,-0.5503245007459937,-0.3799821590460276,-0.4644571658349984,-0.5190753650847161,0.5381990213890667,2.4807836871467086,1.7720060656367882,-0.4272018839213478,-0.3858071968525136,-0.25743508062338577,-0.028654480392723822,-0.5652481794269896,-0.7688669128549209
P4_I11_M38,0.011392056430266194,1.15890617285026,2.2702194113322305,-0.6779700301432238,-0.7027827074330701,-0.7520163035666158,-0.4236580678734441,-1.1683850594711587,-0.7882609066437714,0.2050184915341429,1.2497298641071044,-0.27959553030182166,-0.4159125681506177,-0.007955649283451027,0.32127082661317014
P4_I11_M39,-0.03005231177950764,0.3055144763811587,0.23883148982191563,-0.01015692183615653,0.13490575262466958,-1.4859192977092746,-2.3282591990452883,0.47644770015482557,0.7677724139611976,0.30865837935768387,0.39695699644274907,0.5071552286995761,1.3610305505737486,-0.3209712374172094,-0.32191402023008964
P4_I11_M4,-0.5185194170976711,1.1387059629548735,1.206957212544724,-0.3919974049256392,-0.25172593754222256,-0.3728983762249024,2.418894179763814,-0.2628122842324758,0.35838392456137497,-0.3676976755021213,0.035982461099933784,-1.0232358173621046,-0.624728845729128,-0.6502933961015142,-0.6950145862069423
P4_I11_M40,-0.46631768749024705,-0.5229402811759174,-0.7653609634773744,-0.531460260947646,-0.3845742388019165,-0.5556756332502806,-0.556115971067413,1.0883495160324532,2.200155264211525,-0.43473834287590674,-0.5766154853063945,0.5257447050367483,1.5930958402735687,-0.10871667248223313,-0.5048297886789663
P4_I11_M41,0.3756345627313658,-0.8414832374268121,-0.916684448197996,0.6738051640623012,0.8556196297283665,-0.5333141817405467,-0.7815364527440793,1.379242834789865,1.25698273432234,0.08244310626913129,-0.15269429270216364,-0.917199646496782,-1.7197301635950974,0.6250046985142803,0.6139096924858284
P4_I11_M42,0.044463253523537985,-0.5824540086728454,-0.5618541486519251,1.9042240805383157,1.9023298342026953,-0.600738206013916,-0.8424352574431935,0.5553580314715931,0.6911893460939594,-0.3418388122295183,-0.6402549351530487,-0.409948775221805,-0.9643186386299432,0.32873428731217097,-0.4824560511260696
P4_I11_M43,0.11957519661697852,0.0666166523828358,0.1687863684665192,-0.01058142043833217,-0.3499746258502367,-0.6441832031243111,-1.1382524642137775,2.757682425413667,0.8941478549698149,-0.14746423395295508,-0.15068946496405264,-0.15277492506572543,-1.068260219484464,0.09996568036194683,-0.4445936211179087
P4_I11_M44,-0.40204508304749553,-0.9255629034211477,-0.815428667454967,0.06394392959192767,-0.2681410744203708,2.1030077334006148,1.6416791771056698,0.6211363121505448,-0.5285469141408186,-0.8061539790306248,-0.781526929061461,0.6203611883620175,0.41014998882160386,-0.22841063046490745,-0.7044621483905841
P4_I11_M45,0.2810560391112032,-0.651672423778488,-0.7369617265291303,-0.5527468408306291,-0.31407112283927485,-0.47934153809818586,-0.9045436895188714,2.192002856392766,0.15105066779005297,-0.4491887563985731,-0.5278630328297786,1.4406128435535963,-0.4760795058546125,1.0844317522179436,-0.05668552238801723
P4_I11_M46,-0.15978906840253568,-1.1071762314732856,-1.3955563576781298,-0.08887633328546858,-0.05477171152876312,0.7477453809171364,0.39104122690451,1.770359157115998,1.956022390836288,-0.5720397106341722,-0.9364075891999053,0.08833947881557173,-0.35371999965175555,-0.03968798991230968,-0.2454826428231793
P4_I11_M47,-0.09565923655918382,-0.2633171802976687,-0.41683933838600573,-0.16951079561911042,-0.2629557338839539,-0.5744124504878958,-0.4803287892540702,-0.5880883702687519,-0.4649451145079303,0.4573860531324805,-0.3052469915783451,3.082401238201975,-0.2529118413571888,0.2927465032084803,0.04168204765716829
P4_I11_M48,-0.13465798023081954,-0.7209860062643866,-0.5499455830891947,0.0696171920668579,-0.11872380336999919,-0.19833580537761883,-0.6014165534216522,-0.6059297518023347,2.5695651254164424,0.1384201924820743,-0.3976868748171824,-0.014822033637951398,-0.512747934562656,1.5179011728212963,-0.4402513562128746
P4_I11_M49,0.2876012396677082,1.2082362022928708,1.0132116982188324,0.9152750510491416,1.219455118360364,-1.4409595935721193,-0.8354980546162538,-0.9257479229109932,-0.9049464389348777,0.6349833686404851,0.9465006145600863,-1.0156910193306485,-0.6252749346201312,-0.28030889246729274,-0.19683643633717177
P4_I11_M5,-0.05276165577897741,-0.6006018396753261,-0.6321785473129637,0.9817518095197753,0.24280672619320892,0.6159021380537402,-0.7479800414581551,2.599552555352247,0.44288782295828444,-0.5313034646098382,-0.7843781336716147,-0.22393968335260078,-0.720810557637779,0.16946983973457574,-0.7584169683145764
P4_I11_M50,-0.18548886023980013,2.3401387421376394,0.6492157105446178,-0.6687741621862224,-0.7436142893866965,-0.8978064885199064,0.5373906616589371,-0.9443719686509087,-0.9276218874785072,0.3986802669288257,1.0084525493130436,-0.38875809123366245,0.7530054927931199,-0.5586795864803992,-0.3717680892000799
P4_I11_M51,-0.30494505767325175,1.0049595100884647,1.303033690536127,-1.2254695442721533,-1.0852959853077069,-1.1442461984625134,0.9770172781070678,-0.8666830739898529,1.2019329323692691,-0.07183459975005167,0.12043829093237797,-0.25855795206140153,0.9903385640780139,-0.34563492423996867,-0.29505293035442026
P4_I11_M52,-0.4011451724135712,-0.9305999695241942,-0.8840717705420905,0.9450736066143719,0.6764801670688938,0.6896029195549253,-0.19846246668409187,1.6964485727548175,0.6426143182978679,-0.8631703314770667,-1.112665109473881,0.7673919147669068,0.6468508502528206,-0.37155175288098363,-1.3027957763147289
P4_I11_M6,-0.8383979593802462,0.7992688917678537,1.0050959902060066,0.1338598702754955,0.0661627356010624,-0.09547518249118664,0.39319749083410727,1.8095850548520518,0.9298529031351215,-0.7530341674413251,-0.27278852913993906,-0.5370122802585953,0.1239084419506348,-1.1621551611736691,-1.6020680987373648
P4_I11_M7,-0.4889830578284648,-0.5172269983477072,-0.598783524335562,-0.3440356172212527,-0.414471576125247,-0.24770807659040206,2.7154803512488237,1.0746506040967507,0.9441207144658802,-0.40641099904378003,-0.5684433410794759,-0.21670992330501734,-0.1774932748090469,-0.24956957587896475,-0.5044157052465366
P4_I11_M8,-0.5175213258186027,0.49200763109607887,0.07192667006776546,-0.6365958491014131,-0.4586978031653047,-0.7574098251145118,2.6391712624643,-0.5020952429668539,-0.21193956598978916,-0.30132508506653277,-0.22555080463948132,-0.07975566379930751,1.427584080193397,-0.5268775801987563,-0.41292089796098586
P4_I11_M9,-0.3636733156932692,-1.0555445749472028,-1.091465968336946,-0.18434667657508463,-0.40123414262362916,1.1942491098130208,-0.2300543518421271,0.9114756552252392,0.23661932531922522,-0.6606489553199524,-0.8526202855247803,1.77677358892669,1.4721430647039826,-0.1904890623437619,-0.5611834107814041
P5_I8_M1,-0.413666417496942,-0.5647931949929199,-0.6308176309662415,-0.12447279839128679,-0.3420572593540974,2.1019297599605093,1.5373796475286028,1.4066524127397633,0.3695238545983241,-0.6543237614873323,-0.752698538335345,-0.22874632007763712,-0.32129743759515894,-0.508081225658356,-0.8745310904718764
P5_I8_M10,-0.011668657514884181,-1.2376442830494512,-1.0251182581980685,0.5731328361789024,0.6520553156118921,1.5691220198095865,1.9454020498967173,-0.1350292294155761,-0.21549857618363746,-0.17074772074756875,-0.5502934239452634,-0.5835066771929944,-1.1111565071070557,0.2648033810635484,0.036147730793857295
P5_I8_M11,-0.2636693628908665,-0.8046240847365808,-1.2064295615833702,-0.3506650889084716,-0.3358646872454999,1.006888597594228,2.675154158863874,-0.7047457378648396,-0.3668215250955805,-0.20164921038175337,-0.46618434885282806,0.16573425723718094,0.41328470176420234,0.14549295189862277,0.2940989402016847
P5_I8_M12,-0.15894942515182667,-0.4693375028797849,-0.49046403928407817,-0.2982083023129639,0.22343150798829264,-0.5122222810658017,-0.2926455562738248,-0.5394296676695709,-0.32813481037431635,-0.18341563504756295,-0.4969983255667074,1.0925364426342272,-0.27627772651790183,2.8544975772011787,-0.12438225567935855
P5_I8_M13,-0.4531969299995342,2.631327509976813,-0.05750171265322955,-0.6932791857260677,-0.39798316825948615,-0.6841592090165318,-0.08658440680474747,-0.5183170856043633,1.5445494786319776,0.09205340950179948,-0.2188939299974005,-0.3905613980201829,-0.4217854775507292,-0.12182439179712234,-0.22384350268119402
P5_I8_M14,0.12272918088168273,1.3094104724987419,-0.11884975163776557,-0.7508647042101464,-0.6380608406509443,-0.5877923414853291,2.697010369789175,-0.7181912145367066,-0.5570298623879815,-0.10437591304680241,-0.14135352395348427,-0.08814391883001126,-0.3140722730783332,-0.20923711316200413,0.09882143380990643
P5_I8_M15,-0.07702102513766036,-0.7863243984982331,-0.8704502918026811,0.12139579265474827,-0.1852380542914792,-0.47830332812332776,-1.5896284472260824,1.134180238067542,0.3004732005260327,-0.21421724386987054,-0.49910358056060666,1.724168144353352,1.6328743034429718,0.0481639061593292,-0.26096921569403325
P5_I8_M16,-0.18016586518932604,1.14851635307444,2.349637409806775,-0.7681702954690053,-0.17920221820361373,-0.7375939337886339,-0.7446248636872991,-0.7993912121095027,-0.6044241289635937,-0.32841752716850897,-0.14897179741027505,1.0779754662237246,-0.3009770193142754,0.17603912531039068,0.03977050688870623
P5_I8_M17,-0.10628154424409178,1.171229939055864,0.6137455429391823,-1.217248254254766,-0.8358729384822094,-1.3586467972255827,-0.9390248451283897,-0.8462260794263025,0.050814082607967985,0.3459202766266977,1.0518533313243603,0.34672138316418244,1.49972828718255,-0.21887478327128543,0.4421623991318286
P5_I8_M18,-0.2684932371583789,0.2652477282138129,-0.17752191944179777,-0.4599165981508433,-0.27721628803440157,-0.5936259816210099,-0.05504234403705981,-0.5000646622144245,-0.4218355518452471,-0.2468150808953917,0.016461274310257814,0.255135157269714,3.257362964520499,-0.4267757587505246,-0.3668997021652079
P5_I8_M19,-0.4101547507743681,0.8326405045350738,0.8778582426968968,0.10105450760292224,0.0591064838696583,-0.6915810200519692,1.3705243173311144,1.6186752112883656,0.6343288763571598,-0.45123466498505493,0.1238186930883124,-1.243587197774123,-0.9611530386569876,-0.7779057323764877,-1.082390432150516
P5_I8_M2,-0.5706956681829409,1.3182480168495343,1.203210643652703,0.12648524668323013,0.5302331129884015,-1.4617988744195114,-0.7666481236411826,0.37896716418937854,0.7653731643048456,-0.04374782204246909,0.4086166579566489,-0.5128219596360714,1.0082503233245486,-1.2618210012400841,-1.1218508807870236
P5_I8_M20,0.8103300262590538,-0.7992371037478646,-1.2885074793383984,-0.1568000600266864,-0.3654428727446207,-0.4106768933802959,-1.4017897021303918,1.1797906022056224,1.047793632974476,0.6119718725015995,-0.4114579125888146,0.25682298632987943,-1.014584489925585,1.2017280991039687,0.7400592945080581
P5_I8_M21,0.17178352338120087,0.6000865357957841,-0.31534237420120836,-1.1436638826862375,-0.5251936528545577,-1.0113277182452902,1.4364432144788644,-1.6766462063997578,-0.4716247967480518,0.6211239729091381,1.0978700378780086,-0.2728498295433737,0.6064928477663664,-0.13589216443432692,1.0187404929034405
P5_I8_M22,0.032132307633656716,-1.3653747529497533,-1.509439390939716,0.45640942024852876,0.010464122701421044,2.183824094821099,-0.29102466176736574,0.862049958694811,0.013486137997817078,-0.5174866880905086,-0.8537117913589296,0.7993569658328058,-0.2882750037787979,0.4467507839201583,0.02083849703477357
P5_I8_M23,0.4136513694321535,-1.028072135142056,-1.2176069503606188,1.4590120059207554,1.2084063925027857,0.17199162092278084,-1.1031573476162888,1.332298712234418,0.4720933286717487,-0.14109885061522373,-0.7214809634161274,-0.24886602692364662,-1.2798723104275087,0.7257484469336808,-0.043047292116853535
P5_I8_M24,-0.37588257287691385,-0.2171134959093295,0.26858524752339896,-0.4494775434690432,-0.5223541168780129,2.1088795689760773,2.1342509776661562,-0.9749761564754228,-1.0120066532668768,-0.2605128460590772,-0.06775985485732378,-0.17146584872262463,-0.41885725855797074,0.08396726990724857,-0.12527671700028628
P5_I8_M25,-0.36525940332474643,0.5772925619249503,2.192211607720823,-0.4753073517618558,1.6637379010862783,-0.8253148996648887,-0.5455022345441615,-0.44127878396817166,-0.6739029391537583,-0.37999153302411615,0.6957532561243815,-0.2604842179252789,-0.7339469205156752,-0.016642709131241037,-0.41136433384254034
P5_I8_M26,-0.014590528146577087,-0.8192592307723834,0.016961361902526107,0.6411981960107896,0.2313189385157236,0.6540803047733587,-1.7585732042245428,1.8361190464065031,1.2889071315670297,-0.5043690979106253,-0.7974518785036427,0.08444159139612217,-0.9229139339122095,0.408363615738785,-0.34423231284085437
P5_I8_M27,0.6525561003953191,0.21032250046190903,0.44987844435313523,0.44465035375005924,0.3816285679098048,-1.6952672036565613,-1.8145876891926112,-0.2737712485025965,0.5552240770100229,0.6600522807868016,0.4268200001948085,-0.43815724762369185,-1.2473601814882826,0.8820078674261057,0.8060033781757752
P5_I8_M28,-0.22375056258743084,1.112909087730468,1.0669003885572736,-0.3188584160453411,0.5126424696817489,-0.9144898808663484,2.2337766930703684,-0.8716468288764534,-0.6523775962802888,0.13984760607710425,0.48917763567763517,-0.9172722494428595,-0.3579463845340137,-0.6697206771202573,-0.6291912850416074
P5_I8_M29,-0.3189781759479733,2.1940995812917006,1.1002608834899679,-0.6973684310114893,-0.6083610590256766,-0.8056212326321605,0.2988530494713746,-0.8536554730317923,-1.0053447341917994,-0.061772785311979814,0.46214687258098003,1.1027861634185183,-0.0378326860875745,-0.17063373751379596,-0.5985782354982992
P5_I8_M3,-0.20488876059858335,1.3123973301321534,1.3402670863887873,-0.635163973601901,-0.04454842032831126,-1.5890596735303193,0.6835505128806465,-0.8591703955631373,0.3363034333291288,0.39658668566313965,1.203947206349641,-1.2115153736925521,-0.552123379458297,-0.5579331822298789,0.38135090425948187
P5_I8_M30,0.5114661939937648,-0.18307810552480347,0.021526638954616824,-0.11548578618413091,-0.22981124562834512,0.4193164937478138,1.174825390717708,-1.7484725827044787,-1.866211419157942,0.575711347942083,0.5866439369192765,-0.26989547522120433,-0.6558715140304199,0.6717892833077844,1.1075468428682647
P5_I8_M31,0.21570798598624757,-0.4450324097208012,-0.13952099964376086,-0.7886395690172906,-0.14794441547934714,-0.3019261433482761,-1.542397864790646,-1.285243903077641,-0.7381947330180533,0.19471318495294257,0.5054145596189136,1.2158685876026427,0.6112848871220465,1.0924312711341886,1.553479561678834
P5_I8_M32,-0.5560094246026182,-0.5279643010856018,-0.40673894482657486,0.010385376651086907,-0.10038171702132093,1.176350888208462,0.04970184281066004,2.2724449397893087,1.5632231444022677,-0.8279077815411531,-0.8260752241858503,-0.17181849492838988,-0.10815015601057328,-0.5753430009641475,-0.971717146695558
P5_I8_M33,0.4415789134855497,1.0341172908782408,1.3235589593796941,0.40825015221864314,0.3257502387554539,-0.3529474596251915,-1.5152192383139589,-1.0121662476677977,-1.6778353845925924,0.723545011702409,1.0170495886118733,-0.39679832398914644,-0.5571551373967009,0.1268813591418103,0.11139027741171117
P5_I8_M34,-0.3434998251583528,1.801487403575018,0.808600320424214,-0.6791042427531745,-0.32713398709859604,-1.2205648846823143,1.4976230676910893,-0.522686366309856,0.44370801485945366,0.09736120597037026,0.4328624663876169,-0.9464430507233627,0.6575398060916102,-1.0800365734862756,-0.6197133547874369
P5_I8_M35,0.25625386219247853,-0.5869200299446996,-0.8550023673304024,-0.020676985466554092,-0.1508313372875643,-0.18002354548201557,0.3732735465799931,2.355394518743047,1.5171253747310651,-0.3242524998135664,-0.6887324359698157,-0.5107924635722552,-1.2567644770369464,0.3413920352353538,-0.2694431955781205
P5_I8_M36,-0.6844142119042498,0.32356067682174866,0.24432733038082569,-0.8996304672134967,-0.8532450681963416,0.5044885054177171,1.537907240794351,-0.25550300029653256,-0.22855167362562198,-0.5215096502791006,-0.14028223938027964,0.7598961967317195,2.156101470920685,-1.0259937489406494,-0.9171513612307709
P5_I8_M37,-0.8267727235160396,1.311829801946215,1.5838465531932702,-0.2691637908263489,-0.24632418578116225,0.3522335595374004,1.5082664204299592,-0.7891505894300144,-0.9993990785861737,-0.31254287933088704,0.47656098062651037,-0.6540937266700944,0.7220225018634956,-1.0099266631788402,-0.8473861802772937
P5_I8_M38,0.9393070388217731,0.6674416062356929,-0.21398993949136005,-0.3612485175207653,-0.20003870183983674,-1.3098491089423623,-1.5617908244938563,-0.6509044788889409,-0.4415725106817583,1.0474640049430246,1.1750097489402016,-0.4280648648389675,-0.509968105580963,0.6896884320442739,1.1585162212938378
P5_I8_M39,0.15403765645084583,-0.17321829566766928,0.0017649952525344054,-0.7646438157420483,-0.46105713173568796,-0.2648402865473539,2.7016912610572055,-0.7312551692947957,-0.17969569700775376,0.26488741094396173,0.3925078961707361,-0.8075448183460713,-1.0816032513578155,0.07502261294922563,0.8739466328746872
P5_I8_M4,0.664672041966722,-0.8155732422428961,-0.1536940594228177,0.8112761560750293,0.8753282875578703,0.4896864990178178,-1.3691068479397237,-1.0672437005359858,-1.286450268582748,0.5247718818250755,0.4472840064090014,-0.047857680505128224,-1.1651706047047716,1.0082856236615108,1.0837919074210456
P5_I8_M40,0.3081753732418324,-0.41618975051172913,-0.6034490488521078,1.76359113807806,0.4087880173644006,-0.44939902953046607,-0.8246470580846561,-0.2426690997357649,-0.7399553290356679,-0.5036882478768092,-0.49702815917291276,1.99460665097434,-0.7737711276110225,0.9242092175508716,-0.34857354679836794
P5_I8_M41,0.5609821926074081,0.12732433473284901,-0.09720267252724157,0.5665282248120864,0.7576384301970903,-0.43603524761360374,0.3799355833923639,-0.0922092808409325,0.22426349689242955,0.5212525828490847,0.5802431756487316,-1.8024336066659057,-2.3403599866216465,0.44254127990403297,0.60753149323325
P5_I8_M42,0.22813485406344408,-1.006150168638721,-1.3799717152838489,0.656177499325819,0.5636273092270738,0.7610164895426899,1.1638668879500418,1.324382792677072,0.29930047056226017,-0.1554969854936856,-0.24806862363227455,-1.2519769142688892,-1.4474621001115175,0.22416499378241503,0.26845521029811564
P5_I8_M43,-0.2532952256302001,1.2769807940449616,1.8106879045674744,-0.7544616396629408,-0.6487163960418747,-1.1286544975414716,-0.36884347626198155,0.7846510310966046,1.3616234615778804,-0.10808381835451032,0.4493706510499468,-0.6470098787702772,-0.8115493549533493,-0.3742537656149301,-0.5884457895053317
P5_I8_M44,-0.1244631290098706,-0.41246370136157934,1.413087014548807,-0.5941181077476371,-0.5750684818188981,1.1976410539115667,0.6085603132076968,-0.9403734275317122,-1.0006132816916002,-0.5580777760083254,-0.48283047365678927,1.7747704793603434,-0.6490504097296297,0.504099820775293,-0.16109989324766136
P5_I8_M45,-0.4248025312468833,-0.26623941867122336,0.6985972863033316,-0.6136856107175522,-0.30595970669522055,-0.579640286063825,-0.5884343433882713,-0.2394532798036998,0.4414717274350515,-0.16824385746354234,-0.2819510184863578,2.938345594337576,-0.30488972900915184,-0.011708393230008517,-0.29340643330022315
P5_I8_M5,-0.7149994341982657,0.5726141365224676,0.12936789585963834,-0.8119074771354005,-0.7664736288935106,-0.5799605029502207,1.8397575043303345,1.044274349971546,1.3132882761240927,-0.42865098130375157,-0.13702793356038423,-0.3416371643079398,0.7941552428203349,-0.9352385554579312,-0.977561727821013
P5_I8_M6,-0.3580258140081528,-0.43738089317717843,-0.7135179276452084,1.1139673609448058,1.3128378172544877,-0.5224757780021061,-0.6672461633076915,1.8112839066441728,1.6131043596477097,-0.5289363772632676,-0.5455803622885479,-0.34070381805883254,-0.5490741993031854,-0.38655897922916604,-0.8016931322078328
P5_I8_M7,0.13091475863872007,-0.9238893167210414,-0.9683771509295331,-0.5547930733593577,-0.3833894458211758,0.2804120100797458,1.761668479630394,-1.4376551507079938,-1.1348987324764281,0.04199269893468041,-0.004830691292753069,0.7015780325137918,0.9464827454459332,0.4732676529973911,1.071517183067615
P5_I8_M8,0.02404801936745219,1.2800079000032203,1.0953987228376711,0.15841389328356212,0.5697823194052744,-1.4404575822604404,-0.10523547191172432,-1.6108124226615044,-1.3968667040869192,0.5199405529238511,0.9481173011158496,-0.43116233245470303,0.901668992015754,-0.3936386148507022,-0.11920457272664622
P5_I8_M9,-0.24223913643982894,1.2823098292564825,0.6680820474872801,-0.5737804402452115,-0.2978215245354809,-0.7402722740945005,-0.3128190246352537,-0.8130409104794281,-0.064372477010111,-0.1787737360448029,2.624254501681975,-0.33281564010213194,-0.4680638536524412,-0.2101959480709298,-0.34045141311561766
P6_I8_M1,-0.37921892196318024,0.3513625599507537,0.6308716533499619,0.5617182146990494,0.4163266571488813,0.8764478178104408,-0.11123241726321349,1.7337207027261257,0.9659231734692939,-0.516768738883073,-0.4243279300354708,-1.1384195829753845,-1.601428633307732,-0.3918017903407078,-0.973172764385749
P6_I8_M10,0.5286085265900127,1.9243325463878491,1.3007133640212258,-0.4772579280774154,-0.5623042038454036,-0.8254508145453396,0.12787180859671166,-0.0508883027668294,-0.40309605106321783,0.5178188402348082,1.070639881864385,-1.1236823376196992,-1.2254845781581034,-0.3053312821055391,-0.4964894695134434
P6_I8_M11,0.699982970983238,-0.8740269755896121,-1.1023612183444111,-0.40572297518872497,-0.4550589910153577,-0.3849031148620368,-1.5647431138005106,-0.591820508789113,0.05871227657620796,0.6161439364534547,0.04081188326242386,0.7094899323187496,0.2067284678105129,1.2232885393121076,1.823478890873074
P6_I8_M12,0.5399112631070044,-1.0198472489133514,-0.11377728433522928,0.1892155857599352,0.3297231862985117,-0.9389768552053569,-2.4739361458807614,0.47491019505136856,0.13120589215248704,0.46856625681713526,0.13980468497409584,0.3649554731535728,-0.13237383114541698,0.9037372618641188,1.1368815663019003
P6_I8_M13,-0.2781589176862175,0.7782706473023469,0.008198005033985293,-0.7625985505690422,-0.602484742318101,-0.5004360102214614,1.533376371254841,-0.7453067368327416,-0.8846197732304157,-0.303571113377276,-0.3370842423282679,2.155484211832965,0.31855061914350064,0.10949937285277861,-0.48911914085689356
P6_I8_M14,-0.13392454806416262,1.7355851451186302,1.575602099405094,-0.587085624342565,-0.4417334371878727,-0.9873501224045175,0.20165027536319166,-1.1916941516235593,0.042519312092595296,-0.3297559871824473,0.9864323047019324,-0.5672886699105228,-0.7392859001680232,0.865041920986654,-0.42871261678442657
P6_I8_M15,-0.45297210603416,0.09887778655722639,2.425225247072501,-0.7956554583423656,-0.7459266896746249,-0.41027027170339064,0.7018043612242747,0.354120297762783,1.2049452628572899,-0.5336828091116292,-0.6035159231013602,0.07477071895912743,-0.26546671989283105,-0.31561637434645334,-0.7366373222263887
P6_I8_M16,-0.30059203197228607,0.016356755034259162,0.33979468017335546,-0.6604538874135223,-0.35659164088369244,-0.7648988926651743,-0.006190893273701397,-0.5003140239600914,1.2843523977607316,-0.5459969950184616,-0.49792014453447403,-0.13389931793579432,2.6668419939419272,-0.10017560696751394,-0.44031239228556396
P6_I8_M17,-0.4324551778345818,1.6702569435194248,2.1855319055581246,-0.37304182168436534,-0.3862592718760258,-0.6153020155582815,-0.8755103461689722,-0.7094111406094241,-0.6248453302743396,0.26385813023014265,1.2334897865308332,-0.3062935083682646,-0.07077118491222527,-0.5115406847309293,-0.4477062838211204
P6_I8_M18,-0.05169733971682738,-1.3680724979444017,-2.0007822436415474,0.19845586626022937,0.6498015535550115,0.039509731496563054,-0.8183936373266297,1.3511243208805515,1.6114886217134363,-0.22086734146935103,-0.5602779373588102,0.27403647486975063,0.435973637921542,0.05792180995656358,0.4017789808039227
P6_I8_M19,-0.3490272259338503,-0.5110432810475171,-1.0579496262823214,-0.961503566417403,-1.0987564301644817,1.5182445154836424,1.6504223020358795,0.6637152285709162,0.866414844573109,-0.5694359942782973,-0.7340742289593702,0.3046671098952143,0.7236339178094452,-0.27297620828120256,-0.17233135700376156
P6_I8_M2,-0.49842155420872936,-0.1248654706714879,2.03965780967393,-0.7741485464644361,-0.31393861783141414,-0.6227379130686127,1.344647639877794,-0.9171820548229309,-0.6209596203074095,-0.2933884914091189,0.24314226369433148,-0.26928788928747993,1.4221914110206093,-0.41049357644559703,-0.2042153897494465
P6_I8_M20,-0.5211076547517761,-0.3118503826969875,0.19849162592743788,-0.7826962852584379,-0.18628595681444512,1.2519461304557222,1.8004047906578047,-0.7051477499502424,1.6137450694265183,-0.27173067789924477,-0.6485387011512015,-0.3661792551361072,-0.8795038187154034,0.41581745419241173,-0.6073645882860472
P6_I8_M21,0.6914791194856468,-1.086787022203721,-1.0262019701153717,1.9889652789207233,1.193997663442809,-0.3837137473976601,-1.1359456039626543,0.6509604813409304,-0.48515287774232396,-0.13244234064558966,-0.6840914825856304,0.28928867566060434,-0.419442091427365,0.7139070545418401,-0.17482113731223595
P6_I8_M22,-0.5043184465185883,1.867085908035638,1.3904232708936841,-0.7445999144246394,0.1290422443367512,-0.6341362723721671,1.3474611958582823,-0.8061374172278697,-0.6697783370790394,-0.11334064504939134,-0.43004036095375825,-0.6192942013079458,-0.764923825189787,0.6714809208497556,-0.11892411985092519
P6_I8_M23,-0.7504570823914128,0.5829478274680925,2.4993918978531493,-0.9158093320532925,-0.1597110339331617,-0.7071237684618987,-0.5165799856090073,-0.9615488659505751,-0.39214488433191885,0.09585739327717833,0.06734593222314482,-0.11330414944606212,1.0546095258523798,0.22343479634915184,-0.006908270845764679
P6_I8_M24,-0.2302328732726126,0.8966564861415269,0.9207191173782591,-0.061232555547084906,0.9546701688431513,-1.8938204152747997,-0.9428801593856809,0.3802916649780737,0.9464280189525333,0.291730680008948,0.9642869219695133,-1.3568338198115328,-0.6007210606646655,-0.41839980765350143,0.14933763333787706
P6_I8_M25,-0.023239671566186372,-0.9425961234890421,-0.7761634736941868,-0.2643059771995541,0.1647413921971995,-1.0686003187986097,1.8348761562370093,1.341914096288246,1.3280356714381565,-0.19031013576235992,-0.24727717134909497,-0.7742366311067156,-0.9673401481713345,0.15115044060836685,0.43335189436809995
P6_I8_M26,0.042460969573408364,0.8174687252038274,-0.6685587335922161,-0.29703159790692096,-0.048816031001611,-1.175871799804664,-0.9673546339786149,1.9448333445650092,1.8554320292019746,0.0750272765380165,0.1597070077341511,-0.7056068086006431,-0.5516110767904323,-0.17137479944496978,-0.3087038716963151
P6_I8_M27,0.34320315998025597,-1.8905159413387453,-1.6627206949068407,0.5856388731521058,0.5471566823167909,0.8758274593565073,-0.972564292884975,-0.2899825771148123,-0.595555498947468,0.10966656610941554,-0.3938944121494374,1.0318809473096657,0.4336412290560388,0.9636192447000858,0.9145992553614142
P6_I8_M28,-0.19864007541325635,-0.9273655854408273,-0.8967359377600712,1.0222368588115975,0.7628604816946347,-0.3091550573144111,-1.028408529368891,0.44448506315777475,-0.09936311003038467,-0.6232521951315448,-0.753951418597887,1.6072740935264747,1.7592421750802527,-0.16881082479438825,-0.5904159384190745
P6_I8_M29,0.10624804285901433,-0.4674479049265404,-0.0809141629287662,0.5208418042062116,-0.03254219972115611,1.3604167141508892,2.1365572219740896,-0.6495159532040815,-0.9516528747889843,-0.08973624184733822,-0.025985662428120622,-0.8818137388186267,-1.5128133015922822,0.1966762702141919,0.37168198685150206
P6_I8_M3,-0.6797738542421159,0.8741592897168003,0.653196760942214,-0.9762895751521954,-0.8950524248316727,1.5254142445105001,2.0019505485412865,-0.39998732321744523,-0.16729243815476033,-0.40542467003290444,0.1594465588890858,-0.5299910115171494,0.5466972261615681,-1.0448322887492236,-0.6622210428639842
P6_I8_M30,0.3129122535826942,-1.1351401981619065,-0.9647001654570397,1.1009988888445028,0.989252359271018,0.617854868279702,-0.9863087638854693,-0.5069727693320979,0.7916008763802227,-0.07898327358673277,-0.5316844885769404,-0.2824400751069102,-1.3543684932239923,1.2031829147300552,0.8247960662428898
P6_I8_M31,0.238361982082681,0.23702605709499458,-0.1755120490234797,-1.0386128896521603,-0.7909706075562623,0.20847960084834324,1.930072424421896,-1.7244612559480514,-1.1947967643627007,0.34472548514518553,0.39091029469954214,-0.06823987549722307,0.7163162192351391,-0.028223011866389588,0.9549243903784825
P6_I8_M4,-0.6571240985931959,2.06321581693285,2.1354692261563724,-0.02137666431210719,-0.09369808525354723,-0.5854708864611204,0.2432171821432836,-0.1980478873101162,0.07573720737325995,-0.3975539505435608,0.0001062540077942826,-0.571376738776286,-0.23519869043817165,-0.8228096486548857,-0.9350890362705674
P6_I8_M5,0.11162931302620063,-0.5360793926885965,-0.3656836872341749,-0.24891133460131365,0.09807836833901633,-0.3719591467171635,0.08595323590470523,-0.42540351835893453,3.083879161167211,-0.2555685442579781,-0.5918230492905603,0.08660795136815189,-0.4247292471539751,-0.048726040983862885,-0.19726406851872685
P6_I8_M6,-0.9675419175465526,0.34544506157277066,1.037785853586084,-0.4807474261425991,-0.6320111477614245,-0.7397992125409538,-0.028370917442724772,1.158918689433774,0.8130804874418849,-0.788247357831971,-0.19785271686876088,0.9179946703170001,1.5102038031403608,-0.7417715337056232,-1.207086335651264
P6_I8_M7,-0.08126560795967869,0.11966013541701168,0.21940741963421762,-0.5328103037352828,-0.44381588436839375,-0.44207770436533683,-0.7627055087226303,-1.2825509874121257,-1.1796114910278155,0.07624532710271546,0.396572560887352,1.6277993749304314,2.1324686657310226,-0.042633158595578535,0.1953171624840876
P6_I8_M8,-0.3757930470647345,0.13447069093946076,-0.32364017107989795,-0.5785520501774654,-0.15136262136302833,-0.6729198382130289,2.9902150642384657,-0.6970866935438914,0.4680439845396227,0.25981528758000044,0.02589515410504,-0.6567222120315567,-0.10309098551915698,-0.20034480643531058,-0.11892775597452075
P6_I8_M9,0.13192265023605798,1.4371571315142628,1.695561847191773,-0.5238614501256091,-0.23614398438907544,-1.055111100406211,-0.6249172665115942,-0.7138999669758643,-0.7492931059326324,1.724519964872663,-0.21745458873117504,-0.19284553921138753,-0.40580871001524865,-0.05731664686587836,-0.21250923465008037
P7_I6_M1,0.7300175543961576,2.1465226304029135,0.11808959568671731,-0.6691750385223798,-0.4050358079990312,-1.021603184674699,-0.5908319345448712,-0.9145638847826041,-0.7351002304039835,0.8736991691986584,1.2505848626935332,-0.4817905297602261,0.28539621357886247,-0.17971400966568318,-0.4064954056033632
P7_I6_M10,-0.28094132832076896,0.6287017889984285,0.41270556009280784,-0.6327109909884211,-0.15314766034924462,-1.1207824504912398,2.025885878667626,0.7887907902866468,0.966069990290261,-0.08806676283186697,0.39624412631197126,-1.5545907446519525,-0.5828437772207576,-0.7651242735090501,-0.04019014628443918
P7_I6_M11,-0.5122389118828586,0.34857350475525206,1.3958173913008458,-0.8826099829060378,0.056259969679443175,0.40109537234989323,0.3688945327317257,-1.7510191041175471,-1.60983461529561,0.059209349048150804,0.9227692178567608,-0.3893117777091735,0.6064641327766358,0.19537195546838534,0.7905589659441418
P7_I6_M12,-0.328095560452687,1.6736255896531156,2.6392983323480625,-0.527705111492187,-0.5591471038567054,-0.8893260547463182,-0.6894924455845307,-0.17203323238188784,-0.44207949333406676,-0.01389582101145843,0.21234225255811562,-0.40057759424218203,0.02783892501213746,-0.22666608269349142,-0.30408659977591734
P7_I6_M13,0.25611987329337954,-0.6691936666948207,-1.0518621706661042,-0.46155344094678424,-0.8391952793019949,-0.4690958498220621,0.20373172489798935,2.2675986727602466,1.284610991507353,-0.3751854123993727,-0.9005780962987633,0.7824671169357138,-0.1442714938058658,0.2910816750521216,-0.17467464451103515
P7_I6_M14,-0.028340719542031968,0.2209949868061417,1.9422136142544124,-0.3214844286815908,1.0506086391638445,-0.8168835071910898,-0.929199959853576,-0.7259859080192477,1.5372469308458632,-0.39852154540189205,-0.5316135104167697,-0.2717487470149218,-0.8617483969371722,0.27483614708718623,-0.1403735950991552
P7_I6_M15,-0.05055452936067184,-0.5095507240212891,-0.6770746354059507,0.3873652983207758,-0.07188296333476557,-0.9939188772449365,-0.7857663968098296,0.9437001203950017,1.0881663706736258,-0.4510349127900469,-0.6116778931404313,2.360846790911392,-0.3996081008437754,0.22239161043965486,-0.45140115778875345
P7_I6_M16,-0.1635644476682117,-0.9383717958628836,-0.7773973876889151,-0.6937746369620261,-0.04314920833261228,-0.8997500609517866,-0.9135819726237963,-0.3830798188174153,2.285467877694738,0.21371272977100367,0.1448718472104358,1.1020572503859565,0.6055102241292595,0.4888671339460022,-0.027817734229749154
P7_I6_M2,-0.6437474337086201,0.6329762707244969,1.7553637276647902,-0.392618782069195,-0.5885278276773905,1.8891680862834463,0.6982033461164915,-0.6833214824340891,-0.8579275183448651,-0.5803111087278997,-0.0930911415599588,-0.045125265979218926,0.300271903423365,-0.5789613321223973,-0.8123514415889456
P7_I6_M3,-0.363468927294955,-0.5408118110891458,-0.494447137274564,-0.8097132089938065,-0.1914703926319456,-0.571572848576781,1.2157733029947997,-0.8173542898077384,0.9406606319426347,-0.6221283104830577,-0.6119228988422214,2.0973085450128854,1.2121650447071095,-0.15269685599613417,-0.29032084366707994
P7_I6_M4,-0.026061458532185538,-0.6917679477438347,-0.8576693307165478,-0.6292886630471152,0.1662461925139985,-0.5562477400907101,1.2221068375675954,0.3624012436198189,-0.685659360662131,-0.6824273592705005,-0.11864230740215032,2.4294016166858037,-0.5393941157543563,0.583873259920277,0.023129132912038112
P7_I6_M5,0.8648303680887739,-1.3184675809874062,-1.8045541721818612,0.7620475301691899,0.6073077937592614,-0.002035058426591883,-0.47372703155024,1.066497898312076,0.20805305909714056,0.18680698122037157,-0.5018644610873196,-0.04864521491942715,-1.3192828933987972,1.1421765044233883,0.6308562774814488
P7_I6_M6,-0.21508549073847694,0.5454091091953778,1.3067227018045904,0.17719953206616906,-0.09836400945652052,-1.0060608657731702,-1.5988861453552936,-0.9541055730660444,-1.1728101184206416,0.18690852869936272,0.25491341722138416,1.133135097742886,1.4481593003736482,-0.004635223043463148,-0.002500261249802712
P7_I6_M7,-0.4201084278569051,-0.10037254110325099,0.10942638790838949,-0.2540033965387291,0.12089090247202434,-0.3193466575835072,-0.578912931591916,1.6647812017885204,2.6597812979271347,-0.3988348570911523,-0.5246569087362885,-0.4150329513412181,-0.5424284691072095,-0.35190388880156176,-0.6492787603443331
P7_I6_M8,0.720495420132576,-0.00017241382915477436,0.26475031837237,1.0315004617236063,0.6593404747238887,-0.3536907977533788,-2.0259474910913817,0.6886403621341796,0.19090414411022272,0.3079723258170024,0.13569334817699424,-0.5664340583484756,-1.8825638824776114,0.6497688905082099,0.17974289780095004
P7_I6_M9,-0.4485409175528627,-0.11150406576123108,-0.058841339545217974,-0.6783370533827342,-0.2814901842038644,-0.582264789081367,2.0000861685609794,-0.7710317512806032,2.029462190888002,-0.40479474100365476,-0.45359885617858264,-0.6835140369516893,0.4378385989095397,0.0431792514567822,-0.036648474873495276
P8_I8_M1,-0.6838385764014381,0.0408426274956048,1.423179285236989,-0.6111638962727287,-0.7345084594009156,-0.10012206884741535,2.7031555153964364,-0.6132089386742461,-0.49862755118764546,-0.37322364281317677,-0.1739082171394753,-0.08248279555555404,0.11522506516345443,-0.15596427661144108,-0.2553540703884523
P8_I8_M10,-0.2096305830637143,-1.0246820124940526,-1.0156316963884846,0.10535995088252498,1.5259188219716135,-0.48631024129525463,-0.8838339804702529,0.9268046072742391,1.3911586688148456,-0.2108453187046335,-0.7676373424389419,0.9770361956263931,-0.5714240183997694,0.8156288138805763,-0.5719118651950884
P8_I8_M11,1.2456549728497566,-0.9254445435104841,-1.0404523481195596,1.1771047702847133,0.37892276671545316,-0.7287916172390682,-0.587091152638985,-0.5182844832968734,-0.6223373865478532,0.3787346094071538,0.02166070708685684,-0.4669478179194349,-0.8988679594034343,1.369758633730207,1.216380848601552
P8_I8_M12,-0.709900453245864,-0.00792710425952989,1.7664787322449236,-0.7804796616796883,0.08446289467570572,-0.9005211897197705,-0.8013636574524715,-1.02281523141417,-0.7648994835021004,0.11705298918573886,1.1223970877618343,1.3330397417738933,-0.13438245527179615,-0.08045164398643777,0.7793094348897271
P8_I8_M13,0.532909869341184,-1.2460815915753967,-1.2189400503282264,0.7503861778831077,-0.26937548844098064,0.5796956755081538,-0.8138320916849966,1.1788082679444951,0.08463290727108452,-0.2766893014087534,-1.0140062016842772,1.5112917035008853,-0.6812628928419029,1.0857250569388153,-0.20326204042319274
P8_I8_M14,-0.40221031132792495,1.9190579185860053,-0.08817867712636761,-0.6162214252538413,-0.20188491123612792,-0.7802736584355245,-0.3420461381349524,-0.6980355567739709,-0.7133204742535165,0.003450329013494106,1.4079575044271735,1.6499129687415193,-0.5202779975164903,-0.015475110796220326,-0.6024544599132559
P8_I8_M15,-0.011155720001539748,-0.9506064219222474,-0.7356947284988244,1.4303073467965335,1.0513779390349265,1.876704078195097,-0.34851620415548856,0.6119329828777295,-0.38992330811169656,-0.558325472311128,-0.7071067904958842,-0.5110808781720423,-0.9693898835814788,0.37836051371602397,-0.16688345336997998
P8_I8_M16,-0.2888332685390004,-0.46185700378108263,-0.21545038445166478,1.2024299607800202,0.9133027102180633,-0.18285639915204419,0.6641013683140295,1.4651737555918585,1.4688359308135814,-0.5217971984617472,-0.926959930036666,-0.9331724005021363,-0.95065395759489,-0.3535965849880559,-0.8786665982102541
P8_I8_M17,-0.056928648882712846,0.08136705658175063,1.9258014565361987,-0.7221193664313682,0.052559011678397646,-1.038736418260292,-0.13549754922127247,-0.271696674098336,-0.14701699543725685,-0.16491384939836087,2.0523115349070595,-0.7283455481711469,-0.6801700382012702,-0.6032819804905877,0.43666800888919594
P8_I8_M18,-0.6371229084749233,0.22173968116476644,-0.0957401090970088,0.6839284266953544,0.561263400399015,-0.9598242773665814,-0.9864137991546297,1.1925691576106503,0.8007665550737201,-0.5007717165175822,-0.4474462449826156,0.6660141889671193,1.7179330179187433,-0.9619717597811966,-1.2549236124548264
P8_I8_M2,0.27191594698587224,1.3775770351674081,0.5984051186089487,-0.440882100845615,-0.7019275161252848,1.3410200604484446,1.5116336681350135,-0.8916862962081378,-0.7326047452690393,0.01090265974114141,0.4590070032299958,-1.0572587386502847,-0.8755619523715192,-0.31083989058668227,-0.5597002522602643
P8_I8_M3,-0.34400291272686095,1.6184405759709097,1.8322453588120882,-0.46842529436919483,-0.3897318232860655,-1.1223519654771323,0.75699403836809,0.6262254897921237,-0.7365409649137703,-0.08291287791207279,0.5822670787717162,-0.8922242165722026,0.08318879009961183,-0.6999729923219088,-0.763198284235329
P8_I8_M4,0.45698707748533873,-0.24783109356687036,-0.4777717237021421,0.9496059186884199,0.75031583593715,-0.7420936062219454,-0.9663952403123115,2.383825692608228,0.45864815059880276,-0.23213051546459623,-0.5596634178609095,-0.7562744027563146,-1.016306132914073,0.37738416199773395,-0.3783007045165113
P8_I8_M5,0.45536671105631016,0.44005405271663733,-0.4190954847053702,-0.42032247951904117,-0.004004478321924629,-1.1214940150346888,-1.345226074216084,-1.2964169143178332,-1.1199881453306568,1.0117468494282886,1.079466855308737,0.49270224123292483,1.3168655712812727,0.2967563656485354,0.6335889447728899
P8_I8_M6,0.24380945707017246,-1.9663648848174735,-1.7481264759954733,0.4478047925583505,0.2114645906314587,1.0789209738844443,0.9774086848465252,0.09603243411000331,0.4577615929935162,-0.1720169786914274,-0.9569330804336879,0.6774448215978213,-0.7621133099677714,0.8847921998635421,0.5301151823499993
P8_I8_M7,0.48887052685895194,-1.467596312240203,-1.5587469701157515,-0.4977479394250933,-0.24173323219799264,0.8597005226148604,-0.12276729970776365,1.312675509463351,0.18494653743892908,-0.029946375914489672,-0.45312042421810395,0.32482130023784045,-1.0395096990035293,1.1950953077582043,1.0450585484507924
P8_I8_M8,-0.5334272629995523,1.3126427264181246,1.6417638365659337,-0.8155167572465066,-0.45859245986288827,-0.9333365202628676,0.3727462969946245,-1.143704379857954,0.060138637156852366,-0.16986131838534455,0.9483468400684077,-1.0876346120964844,0.5656352332796738,-0.5934324984156115,0.8342322386435925
P8_I8_M9,0.3826884778230219,-0.8648664663686927,-1.0198552116393937,-0.520024216270396,-0.7435380958538769,1.8662807735866325,0.7654814406876278,-0.8450794481272661,-0.9705129072987809,-0.132688702011007,-0.5099672483680984,1.2479522223155826,-0.057080167386387076,0.8725685728201227,0.5286409760909151
P9_I4_M1,-0.11127509106192679,2.4077898519030843,1.6826432400248588,-0.6009520948824314,-0.7185965861369608,-0.10536599628526477,0.2054813532339711,-1.0293638111393584,-0.5116973969677923,-0.343787598658829,0.11471345313187094,-0.3142673273888683,0.08900994177013324,-0.20582923669342257,-0.558502700849064
P9_I4_M2,-0.42420369378395295,-0.33132200021053326,-0.6902423290405392,-0.33166402114916727,-0.31115123303007625,-0.38242960095967377,-0.31202508223245584,1.0605959014945172,0.08738249513561273,-0.38024506100785976,-0.5034535809663802,0.4469396300406734,2.8469688615072406,-0.31505984720206,-0.460090438595344
P9_I4_M3,0.008695856867197461,1.8226032423967478,1.0897953714687856,-0.867769470807226,-0.8397895343863987,-1.463535958993052,-1.255014981055229,0.7316460403754426,0.7095842125310378,0.13001446245510206,0.48538479119084993,-0.1548639427759819,0.4872311701077894,-0.27262261624297246,-0.6113586431320908
P9_I4_M4,-0.38464757121077253,-0.4056113495006873,-0.40471211904137583,0.0014273040178841485,-0.2631431521356415,0.6092412713184178,2.8084249852647,0.8026506839432039,-0.6947440628915629,-0.525590982866575,-0.6447519955387118,0.35239351994723594,-0.09606621824450798,-0.38555443101475156,-0.7693158820468516
P9_I4_M5,0.37878720549483197,-0.6963122383634882,1.0398369696805074,-0.09594241669362269,-0.38570876928379433,-0.7870469869488437,-1.271928259907479,-0.9851141492496304,0.48186136575710004,-0.014010127232623631,-0.5084082164996432,1.1628829117698432,-0.664206092322459,1.6900036598886026,0.6553051439106958
P9_I4_M6,-0.1177157501701365,-0.7697626303297678,-0.6834170976452651,-0.5325786830838112,0.05596077983148264,1.6199473951088945,-0.7174229731406908,-0.6971152719968415,1.645275398710227,-0.3001546047928927,-0.7506720202284284,1.230305540062382,-0.7078509354806389,0.8766843201220422,-0.1514834669665582
P9_I4_M7,-0.5553675523080083,-0.6819673505965514,-1.0175098221023948,-0.18657793980477463,0.30759394099338166,-0.16118484943226505,1.6243424618961757,1.5606778010650129,1.2344740183828957,-0.6419135040541115,-0.6401018892997935,-0.2570669352999324,0.9102854169457447,-0.7471714979553032,-0.7485122984300704
P9_I4_M8,-0.26373757522702806,-0.23156024397409197,2.9369986602916804,-0.537588814215304,-0.3873388867539763,-0.6137514812431539,-0.6279603230658083,-0.42773426439106205,0.5744909711599898,-0.03533487173800678,0.2666543241755083,-0.49775774647761684,0.41592673534044877,-0.13428836200693958,-0.43701812187464284
P9_I4_M9,-0.5688504758983596,0.09670726944324044,-0.4383020462703491,-0.6128240631432784,-0.11220043709484533,2.0365395662219825,1.4801328474295203,-0.8008133188917311,-0.5415876288419642,-0.4186796802031027,-0.7152971021151429,-0.1357097582819808,1.4212931726682958,-0.43675063292679717,-0.25365771209547533
